enrollment	test
id03701/00077	id03701/00077
id07417/00028	id07417/00028
id03184/00053	id03184/00053
id04961/00449	id04961/00449
id01184/00133	id01184/00133
id06261/00233	id06261/00233
id00906/00014	id00906/00014
id07531/00142	id07531/00142
id02477/00079	id02477/00079
id03701/00077	id03184/00053
id07417/00028	id02477/00079
id03184/00053	id07531/00142
id04961/00449	id06261/00233
id01184/00133	id03701/00077
id06261/00233	id04961/00449
id00906/00014	id07417/00028
id07531/00142	id01184/00133
id02477/00079	id00906/00014
